{
   "peopleCount":{
    "avg_count":200,
    "time": ["10:05","10:10","10:15","10:20","10:25"],
    "count":["20","26","31","35","46"],
    "date":"09/08/2021"
   },
    "highOccupancyZone":{
        "data": {
          "zones": {
            "checkin": [
              "5",
              "5",
              "8",
              "5",
              "5"

            ],
            "departure": [
              "23",
              "15",
              "15",
              "22",
              "12"
            ],
            "kiosk": [
              "12",
              "8",
              "11",
              "14",
              "14"

            ],
            "timestamp": [
              "0:51",
              "1:51",
              "2:51",
              "3:51",
              "4:51"
            ]
          },
          "totalCount":{
            "checkin": 28,
            "kiosk": 58,
            "departure":76
          }
        }
      },
    
      "socialDistanceViolation": 
      {
               "timestamps":[],
               "count":[],
               "snapshot":[]
           }
     
     
}
